{"stats":{"minecraft:mined":{"minecraft:farmland":2,"botania:red_mystical_flower":1,"botania:pink_double_flower":1,"minecraft:acacia_log":1,"minecraft:grass_block":532,"railcraft:sulfur_ore":17,"minecraft:coal_block":8,"biomesoplenty:wilted_lily":2,"productivebees:advanced_oak_beehive":1,"mysticalagriculture:inferium_ore":44,"minecraft:spawner":5,"theurgy:deepslate_sal_ammoniac_ore":1,"minecraft:iron_ore":102,"botania:lime_double_flower":2,"minecraft:deepslate_lapis_ore":3,"silentgear:deepslate_bort_ore":2,"minecraft:dirt_path":1,"quark:limestone":4,"powah:uraninite_ore_poor":2,"minecraft:potted_cornflower":1,"minecraft:azalea_leaves":1,"alltheores:nickel_ore":44,"minecraft:tripwire":2,"minecraft:deepslate_redstone_ore":10,"minecraft:red_bed":3,"ars_nouveau:light_block":4,"powah:uraninite_ore":2,"thermal:oil_sand":94,"minecraft:clay":43,"minecraft:torch":3,"minecraft:chest":12,"minecraft:dead_bush":6,"supplementaries:wild_flax":3,"easy_villagers:farmer":1,"minecraft:cobblestone":1,"botania:blue_mystical_flower":1,"ars_nouveau:scribes_table":2,"minecraft:sugar_cane":61,"botania:light_gray_double_flower":1,"alltheores:deepslate_nickel_ore":48,"minecraft:wall_torch":1,"powah:deepslate_uraninite_ore_poor":4,"minecraft:seagrass":1,"rftoolsbase:dimensionalshard_overworld":1,"evilcraft:dark_ore_deepslate":4,"alltheores:deepslate_osmium_ore":100,"minecraft:wheat":2,"alltheores:tin_ore":74,"minecraft:tnt":7,"minecraft:grass":17,"minecraft:oak_log":31,"alltheores:raw_silver_block":1,"minecraft:sand":116,"minecraft:dirt":106,"mysticalagriculture:deepslate_prosperity_ore":10,"mysticalagriculture:deepslate_inferium_ore":14,"minecraft:deepslate":20,"mysticalagriculture:prosperity_ore":24,"minecraft:diamond_ore":1,"forbidden_arcanus:stella_arcanum":1,"alltheores:zinc_ore":23,"botania:orange_double_flower":1,"minecraft:deepslate_diamond_ore":6,"quark:shale":12,"alltheores:osmium_ore":66,"minecraft:potted_flowering_azalea_bush":1,"torchmaster:megatorch":1,"biomesoplenty:bush":6,"alltheores:deepslate_silver_ore":18,"create_new_age:thorium_ore":31,"minecraft:sandstone":15,"quark:jasper":6,"botania:magenta_mystical_flower":1,"minecraft:redstone_ore":7,"easy_villagers:iron_farm":1,"minecraft:furnace":5,"minecraft:carrots":57,"alltheores:lead_ore":15,"minecraft:bookshelf":38,"ars_nouveau:agronomic_sourcelink":1,"minecraft:potatoes":26,"alltheores:deepslate_platinum_ore":57,"minecraft:deepslate_iron_ore":22,"alltheores:silver_ore":36,"alltheores:aluminum_ore":55,"irons_spellbooks:inscription_table":1,"minecraft:stone":159,"minecraft:bone_block":1,"minecraft:white_wool":3,"pneumaticcraft:charging_station":1,"botania:lime_mystical_flower":4,"minecraft:redstone_block":2,"minecraft:potted_lily_of_the_valley":2,"minecraft:smooth_sandstone":1,"minecraft:crafting_table":3,"minecraft:lectern":1,"minecraft:copper_ore":180,"ars_nouveau:source_jar":2,"minecraft:deepslate_gold_ore":10,"theurgy:sal_ammoniac_ore":18,"minecraft:lapis_ore":12,"ars_elemental:yellow_archwood_log":70,"supplementaries:urn":4,"botania:pink_mystical_flower":2,"botania:cyan_mystical_flower":1,"botania:red_double_flower":1,"minecraft:cactus":29,"reliquary:fertile_lily_pad":5,"forbidden_arcanus:xpetrified_ore":4,"ars_nouveau:arcane_pedestal":3,"minecraft:spruce_log":35,"minecraft:coal_ore":96,"minecraft:gravel":133,"botania:gray_mystical_flower":1,"ars_nouveau:imbuement_chamber":4,"minecraft:gold_ore":12,"forbidden_arcanus:runic_deepslate":1},"minecraft:dropped":{"quark:limestone":3,"minecraft:dirt":25,"minecraft:cobbled_deepslate":8,"patchouli:guide_book":3,"supplementaries:antique_ink":2,"botania:black_mushroom":1,"supplementaries:flax_seeds":1,"supplementaries:ash":5,"create:scoria":1,"mysticalagriculture:inferium_essence":2,"apotheosis:gem":4,"minecraft:enchanted_book":2,"eidolon:tattered_cloth":1,"irons_spellbooks:scroll":2,"ars_nouveau:worn_notebook":1,"tombstone:grave_dust":2,"minecraft:iron_shovel":1,"minecraft:raw_copper":13,"minecraft:flower_pot":1,"minecraft:bundle":1,"minecraft:stone_pickaxe":1},"minecraft:picked_up":{"ars_nouveau:glyph_dispel":1,"minecraft:wheat":25,"minecraft:redstone_block":2,"minecraft:chainmail_boots":1,"minecraft:flower_pot":5,"croptopia:grape_seed":3,"reliquary:fertile_lily_pad":7,"minecraft:lead":6,"alltheores:copper_dust":26,"minecraft:enchanted_book":1,"ars_nouveau:glyph_interact":1,"forbidden_arcanus:xpetrified_orb":4,"minecraft:string":2,"minecraft:raw_copper":461,"botania:light_gray_double_flower":1,"mysticalagriculture:inferium_essence":167,"minecraft:cobbled_deepslate":8,"reliquary:zombie_heart":1,"twigs:pebble":52,"minecraft:coal_block":8,"ars_elemental:flashpine_pod":6,"irons_spellbooks:inscription_table":1,"minecraft:furnace":5,"minecraft:stick":8,"apotheosis:gem":6,"railcraft:sulfur_dust":40,"ars_nouveau:glyph_pickup":1,"minecraft:acacia_log":1,"minecraft:torch":6,"mysticalagriculture:prosperity_shard":83,"botania:black_mushroom":1,"easy_villagers:iron_farm":1,"tombstone:grave_dust":4,"eidolon:tattered_cloth":4,"botania:orange_double_flower":1,"minecraft:cactus":46,"minecraft:rotten_flesh":4,"thermal:corn_seeds":1,"ars_nouveau:agronomic_sourcelink":1,"create:scoria":1,"supplementaries:antique_ink":2,"ars_nouveau:imbuement_chamber":4,"supplementaries:ash":5,"ars_nouveau:manipulation_essence":8,"minecraft:cobblestone":163,"forbidden_arcanus:stellarite_piece":1,"occultism:datura_seeds":2,"minecraft:potato":775,"ars_nouveau:glyph_rotate":1,"paraglider:spirit_orb":20,"minecraft:flint":12,"ars_elemental:yellow_archwood_sapling":12,"supplementaries:flax_seeds":4,"ars_nouveau:glyph_phantom_block":2,"ars_nouveau:scribes_table":2,"minecraft:lapis_lazuli":118,"thermal:oil_sand":94,"minecraft:dirt":640,"productivebees:advanced_oak_beehive":1,"minecraft:bone":23,"alltheores:raw_tin":74,"sushigocrafting:wasabi_seeds":1,"botania:cyan_mystical_flower":1,"theurgy:sal_ammoniac_crystal":20,"botania:pink_mystical_flower":2,"minecraft:bow":3,"ars_nouveau:source_gem":22,"minecraft:wheat_seeds":49,"minecraft:raw_gold":22,"forbidden_arcanus:rune":1,"twigs:twig":18,"botania:gray_mystical_flower":1,"ars_nouveau:glyph_randomize":1,"botania:red_mystical_flower":1,"thermal:bell_pepper_seeds":1,"patchouli:guide_book":1,"ars_nouveau:spell_bow":1,"ars_nouveau:glyph_ignite":1,"alltheores:raw_lead":15,"botania:pink_double_flower":1,"minecraft:poisonous_potato":2,"torchmaster:megatorch":1,"ars_elemental:glyph_conjure_terrain":1,"minecraft:sand":116,"ars_nouveau:glyph_delay":1,"croptopia:eggplant_seed":1,"ars_elemental:yellow_archwood_log":70,"minecraft:lily_of_the_valley":2,"quark:jasper":5,"alltheores:raw_nickel":92,"minecraft:bundle":1,"minecraft:diamond":8,"minecraft:soul_lantern":1,"alltheores:raw_aluminum":55,"ars_nouveau:glyph_summon_steed":1,"thermal:eggplant_seeds":3,"minecraft:oak_sapling":2,"ars_nouveau:arcane_pedestal":3,"alltheores:raw_platinum":57,"croptopia:toast":3,"mekanismtools:osmium_paxel":3,"minecraft:crafting_table":3,"create_new_age:thorium":98,"minecraft:clay_ball":172,"ars_nouveau:glyph_redstone_signal":1,"minecraft:gold_block":1,"ars_nouveau:glyph_cut":1,"enderio:broken_spawner":10,"minecraft:cornflower":1,"minecraft:red_bed":3,"ars_nouveau:reset":1,"minecraft:white_carpet":4,"ars_nouveau:glyph_pull":1,"minecraft:item_frame":1,"botania:magenta_mystical_flower":1,"minecraft:lectern":1,"minecraft:chest":12,"minecraft:sugar_cane":123,"reliquary:catalyzing_gland":1,"minecraft:raw_iron":124,"minecraft:sandstone":15,"alltheores:raw_zinc":23,"minecraft:copper_ingot":16,"ars_nouveau:glyph_underfoot":1,"biomesoplenty:wilted_lily":2,"botania:lime_double_flower":2,"minecraft:stone_button":1,"minecraft:carrot":1757,"minecraft:redstone":78,"minecraft:tnt":7,"minecraft:arrow":16,"botania:lime_mystical_flower":4,"botania:blue_mystical_flower":1,"pneumaticcraft:charging_station":1,"alltheores:raw_osmium":156,"forbidden_arcanus:spawner_scrap":5,"minecraft:white_wool":3,"minecraft:bone_block":1,"minecraft:clock":1,"minecraft:glow_ink_sac":3,"minecraft:leather":8,"croptopia:glowing_calamari":4,"easy_villagers:farmer":1,"minecraft:oak_log":31,"minecraft:gunpowder":3,"quark:limestone":3,"minecraft:white_banner":2,"minecraft:smooth_sandstone":1,"rftoolsbase:dimensionalshard":5,"ars_nouveau:glyph_harvest":1,"minecraft:iron_sword":1,"minecraft:flowering_azalea":1,"minecraft:book":114,"ars_nouveau:source_jar":2,"forbidden_arcanus:golden_orchid_seeds":3,"minecraft:gravel":119,"powah:uraninite_raw":10,"minecraft:spruce_sapling":10,"minecraft:spruce_log":35,"silentgear:bort":2,"ars_nouveau:glyph_light":2,"artifacts:helium_flamingo":1,"botania:red_double_flower":1,"immersiveengineering:seed":5,"ars_nouveau:source_gem_block":1,"evilcraft:dark_gem":18,"alltheores:raw_silver":54,"minecraft:coal":99,"alltheores:raw_silver_block":1},"minecraft:crafted":{"minecraft:brick":10,"minecraft:oak_planks":67,"utilitix:tiny_charcoal":8,"ars_nouveau:archwood_planks":4,"minecraft:acacia_pressure_plate":1,"mekanismtools:osmium_shield":1,"botanypots:terracotta_hopper_botany_pot":6,"alltheores:copper_dust":85,"mekanismtools:osmium_chestplate":1,"croptopia:toast":28,"easy_villagers:incubator":1,"minecraft:lever":1,"minecraft:pink_carpet":2,"minecraft:spruce_pressure_plate":1,"minecraft:glass":74,"minecraft:hopper":8,"alltheores:osmium_dust":88,"minecraft:bow":1,"minecraft:iron_boots":1,"mekanismtools:osmium_boots":1,"minecraft:chest":26,"minecraft:copper_block":10,"ars_nouveau:enchanting_apparatus":1,"easy_villagers:trader":6,"minecraft:flower_pot":2,"mekanismtools:osmium_pickaxe":1,"minecraft:target":1,"minecraft:emerald":86,"sophisticatedbackpacks:backpack":1,"ars_nouveau:arcane_core":1,"minecraft:crafting_table":2,"minecraft:spruce_planks":20,"alltheores:raw_silver":1,"minecraft:baked_potato":64,"minecraft:wooden_pickaxe":1,"minecraft:clock":4,"ars_nouveau:source_jar":1,"minecraft:copper_ingot":206,"minecraft:gold_block":1,"minecraft:fletching_table":4,"minecraft:hay_block":1,"mekanismtools:osmium_leggings":1,"rechiseled:chisel":1,"minecraft:string":17,"minecraft:charcoal":6,"minecraft:shield":1,"minecraft:stick":210,"minecraft:iron_ingot":138,"minecraft:iron_pickaxe":3,"minecraft:stone_sword":1,"minecraft:gold_ingot":44,"ars_nouveau:scribes_table":1,"ars_nouveau:arcane_pedestal":8,"minecraft:shears":1,"silentgear:pickaxe":1,"mekanismtools:osmium_paxel":1,"minecraft:redstone":2,"minecraft:coal":8,"minecraft:stone_shovel":1,"minecraft:fishing_rod":1,"minecraft:iron_nugget":18,"mysticalagriculture:inferium_farmland":6,"mekanismtools:osmium_shovel":1,"minecraft:stone_button":4,"minecraft:furnace":9,"alltheores:gold_dust":22,"easy_villagers:iron_farm":1,"minecraft:bone_meal":6,"ars_nouveau:archwood_slab":2,"minecraft:pink_dye":2,"minecraft:white_carpet":3,"minecraft:glass_pane":49,"minecraft:flint_and_steel":2,"ars_nouveau:source_gem_block":1,"mekanismtools:osmium_axe":1,"alltheores:copper_ore_hammer":5,"minecraft:terracotta":32,"minecraft:lantern":2,"ars_nouveau:novice_spell_book":1,"minecraft:iron_axe":1,"minecraft:iron_hoe":3,"minecraft:stone_pickaxe":1,"minecraft:redstone_block":3,"mekanismtools:osmium_helmet":1,"ars_nouveau:agronomic_sourcelink":1,"sophisticatedbackpacks:iron_backpack":1,"minecraft:red_dye":7,"mysticalagriculture:inferium_seeds":1,"easy_villagers:farmer":1,"alltheores:osmium_ingot":176,"ars_nouveau:imbuement_chamber":1,"minecraft:iron_sword":2,"minecraft:bucket":4,"crafting_on_a_stick:crafting_table":1,"minecraft:stone_axe":1,"minecraft:enchanted_book":1,"minecraft:air":4121,"ars_nouveau:sourcestone":12,"minecraft:white_wool":3,"minecraft:cobblestone":11,"minecraft:gold_nugget":13,"minecraft:white_dye":6,"easy_villagers:breeder":1,"minecraft:iron_shovel":3,"botanypots:terracotta_botany_pot":6,"alltheores:iron_dust":69,"minecraft:white_bed":1,"minecraft:acacia_planks":4,"minecraft:torch":21,"easy_villagers:converter":1,"minecraft:clay":32},"minecraft:custom":{"lootr:looted_stat":37,"minecraft:interact_with_crafting_table":154,"minecraft:leave_game":2,"minecraft:time_since_death":305410,"minecraft:sprint_one_cm":682306,"minecraft:damage_blocked_by_shield":60,"minecraft:drop":31,"minecraft:talked_to_villager":12,"minecraft:play_time":319989,"minecraft:deaths":1,"minecraft:jump":3561,"minecraft:walk_on_water_one_cm":20558,"minecraft:interact_with_furnace":192,"minecraft:traded_with_villager":87,"minecraft:sleep_in_bed":20,"minecraft:damage_dealt":9886,"minecraft:crouch_one_cm":23479,"tombstone:undead_killed":27,"tombstone:villager_killed":3,"minecraft:interact_with_smoker":1,"minecraft:inspect_dispenser":1,"minecraft:mob_kills":44,"minecraft:inspect_hopper":2,"minecraft:damage_dealt_resisted":0,"minecraft:climb_one_cm":16496,"minecraft:walk_one_cm":621594,"minecraft:sneak_time":7135,"minecraft:walk_under_water_one_cm":26571,"minecraft:total_world_time":319989,"minecraft:time_since_rest":9513,"minecraft:damage_taken":1986,"tombstone:cast_on_ally":0,"minecraft:swim_one_cm":226103,"minecraft:fly_one_cm":781892,"minecraft:open_chest":743,"minecraft:fall_one_cm":64410},"minecraft:killed":{"minecraft:spider":1,"minecraft:skeleton":17,"artifacts:mimic":1,"minecraft:creeper":5,"minecraft:trader_llama":6,"minecraft:zombie":4,"aquaculture:boulti":1,"eidolon:wraith":6,"minecraft:wandering_trader":3},"minecraft:killed_by":{"minecraft:pillager":1},"minecraft:broken":{"minecraft:iron_shovel":1,"minecraft:stone_shovel":1,"minecraft:wooden_pickaxe":1,"minecraft:iron_pickaxe":1},"minecraft:used":{"minecraft:iron_shovel":509,"easy_villagers:breeder":1,"minecraft:chest":29,"minecraft:carrot":135,"easy_villagers:converter":1,"easy_villagers:iron_farm":2,"pneumaticcraft:charging_station":1,"minecraft:item_frame":1,"silentgear:paxel":1032,"minecraft:furnace":14,"minecraft:potato":27,"mekanismtools:osmium_paxel":237,"minecraft:stone_pickaxe":1,"minecraft:oak_planks":7,"minecraft:cactus":29,"minecraft:wooden_pickaxe":59,"minecraft:sandstone":15,"minecraft:sugar_cane":23,"minecraft:sand":5,"ars_nouveau:agronomic_sourcelink":2,"ars_nouveau:enchanting_apparatus":1,"easy_villagers:villager":3,"mekanismtools:osmium_shield":1,"minecraft:bread":12,"quark:jasper":5,"minecraft:gravel":83,"croptopia:toast":24,"mysticalagriculture:inferium_axe":17,"minecraft:experience_bottle":3,"cookingforblockheads:sink":1,"minecraft:stone_sword":60,"minecraft:dead_bush":4,"ars_nouveau:arcane_core":1,"minecraft:stone_shovel":131,"ars_nouveau:archwood_slab":2,"minecraft:torch":80,"minecraft:dirt":124,"minecraft:hopper":1,"minecraft:iron_hoe":80,"supplementaries:pedestal":1,"minecraft:smooth_sandstone":1,"easy_villagers:trader":6,"ars_nouveau:imbuement_chamber":4,"mysticalagriculture:inferium_scythe":147,"silentgear:pickaxe":396,"minecraft:goat_horn":1,"tombstone:gift":1,"easy_villagers:incubator":1,"torchmaster:megatorch":3,"minecraft:cooked_beef":8,"minecraft:wheat_seeds":2,"tombstone:scroll_of_mercy":1,"minecraft:water_bucket":7,"tombstone:scroll_of_knowledge":1,"botanypots:terracotta_hopper_botany_pot":6,"easy_villagers:farmer":2,"minecraft:crafting_table":4,"minecraft:red_bed":3,"tombstone:bag_of_seeds":2,"functionalstorage:oak_4":2,"ars_nouveau:source_jar":4,"ars_nouveau:arcane_pedestal":11,"minecraft:iron_pickaxe":250,"tombstone:magic_scroll":2,"minecraft:stone_axe":114,"productivebees:advanced_oak_beehive":1,"minecraft:cobblestone":86,"minecraft:white_banner":2,"minecraft:bucket":7,"ars_nouveau:scribes_table":3}},"DataVersion":3465}