{"stats":{"minecraft:crafted":{"minecraft:brick":52,"minecraft:farmland":2,"minecraft:coal":1,"minecraft:stone_shovel":1,"botanypots:terracotta_hopper_botany_pot":2,"alltheores:copper_dust":4,"minecraft:furnace":4,"croptopia:toast":28,"minecraft:cooked_mutton":7,"alltheores:copper_ore_hammer":1,"minecraft:terracotta":32,"minecraft:hopper":1,"minecraft:iron_axe":1,"minecraft:stone_pickaxe":1,"minecraft:chest":11,"minecraft:copper_block":2,"minecraft:dark_oak_planks":1,"minecraft:stone_hoe":1,"minecraft:flower_pot":2,"biomesoplenty:fir_boat":1,"minecraft:crafting_table":2,"minecraft:spruce_planks":41,"minecraft:wooden_pickaxe":1,"minecraft:copper_ingot":27,"minecraft:bucket":1,"crafting_on_a_stick:crafting_table":1,"minecraft:stone_axe":1,"minecraft:air":288,"biomesoplenty:fir_planks":7,"minecraft:shield":1,"minecraft:stick":14,"minecraft:iron_ingot":31,"minecraft:iron_pickaxe":1,"minecraft:wooden_axe":1,"minecraft:stone_sword":1,"minecraft:iron_leggings":1,"botanypots:terracotta_botany_pot":2,"alltheores:iron_dust":14,"minecraft:white_bed":1,"minecraft:torch":60,"minecraft:clay":32},"minecraft:killed":{"minecraft:skeleton":1,"eidolon:wraith":1,"minecraft:chicken":1,"minecraft:husk":9,"minecraft:sheep":4,"minecraft:zombie":6},"minecraft:broken":{"minecraft:wooden_pickaxe":1,"minecraft:stone_axe":1},"minecraft:killed_by":{"minecraft:husk":1},"minecraft:picked_up":{"minecraft:crafting_table":4,"minecraft:chainmail_boots":1,"minecraft:chicken":1,"minecraft:clay_ball":180,"enderio:broken_spawner":2,"sushigocrafting:soy_seeds":4,"silentgear:sinew":3,"minecraft:string":10,"minecraft:raw_copper":65,"minecraft:zombie_head":1,"sushigocrafting:sesame_seeds":4,"mysticalagriculture:inferium_essence":105,"biomesoplenty:fir_planks":1,"minecraft:calcite":1,"ars_nouveau:mendosteen_pod":3,"minecraft:poppy":1,"minecraft:coal_block":1,"minecraft:minecart":1,"delightful:green_tea_leaf":2,"minecraft:sugar_cane":4,"minecraft:chest":3,"thermal:spinach_seeds":1,"minecraft:egg":1,"minecraft:raw_iron":56,"mysticalagriculture:prosperity_shard":17,"thermal:sadiroot_seeds":2,"minecraft:torch":7,"potionsmaster:bezoar":2,"botania:purple_mushroom":1,"tombstone:grave_dust":4,"minecraft:diorite":1,"minecraft:redstone":27,"thermal:flax_seeds":1,"ars_nouveau:green_archwood_log":60,"thermal:peanut_seeds":3,"minecraft:rotten_flesh":15,"thermal:corn_seeds":2,"alltheores:raw_osmium":143,"supplementaries:ash":2,"minecraft:mutton":7,"forbidden_arcanus:spawner_scrap":1,"minecraft:white_wool":3,"minecraft:cobblestone":66,"minecraft:oxeye_daisy":1,"occultism:datura_seeds":10,"biomesoplenty:fir_log":10,"paraglider:spirit_orb":4,"supplementaries:flax_seeds":3,"minecraft:lapis_lazuli":13,"minecraft:dirt":46,"pipez:universal_pipe":1,"minecraft:bone":4,"ars_nouveau:green_archwood_sapling":5,"sushigocrafting:wasabi_seeds":6,"theurgy:sal_ammoniac_crystal":5,"minecraft:wheat_seeds":14,"biomesoplenty:fir_boat":3,"minecraft:raw_gold":1,"twigs:twig":12,"biomesoplenty:toadstool":1,"thermal:bell_pepper_seeds":4,"quark:shale":1,"thermal:strawberry_seeds":2,"sushigocrafting:cucumber_seeds":2,"minecraft:spruce_sapling":6,"minecraft:blast_furnace":9,"minecraft:spruce_log":54,"minecraft:white_bed":1,"thermal:green_bean_seeds":1,"minecraft:spider_eye":1,"quark:jasper":1,"thermal:rice_seeds":1,"immersiveengineering:seed":40,"waystones:waystone":2,"minecraft:lever":1,"thermal:eggplant_seeds":1,"deepresonance:resonating_crystal_natural":1,"minecraft:black_wool":1,"thermal:amaranth_seeds":1,"minecraft:stripped_dark_oak_log":1,"minecraft:coal":153},"minecraft:mined":{"minecraft:dark_oak_planks":1,"mysticalagriculture:prosperity_ore":7,"minecraft:white_bed":1,"quark:shale":2,"ars_nouveau:green_archwood_leaves":2,"alltheores:osmium_ore":143,"minecraft:grass_block":46,"twigs:twig":1,"minecraft:coal_block":1,"minecraft:spruce_leaves":3,"quark:jasper":1,"minecraft:oxeye_daisy":1,"mysticalagriculture:inferium_ore":35,"minecraft:spawner":1,"minecraft:redstone_ore":4,"biomesoplenty:toadstool":1,"minecraft:iron_ore":46,"minecraft:bookshelf":1,"minecraft:deepslate_iron_ore":10,"minecraft:stripped_mangrove_wood":1,"minecraft:stone":64,"minecraft:deepslate_redstone_ore":2,"minecraft:mangrove_stairs":1,"ars_nouveau:green_archwood_log":60,"minecraft:stripped_dark_oak_log":1,"minecraft:powder_snow":1,"minecraft:clay":45,"minecraft:crafting_table":4,"minecraft:torch":1,"minecraft:blast_furnace":9,"minecraft:calcite":1,"biomesoplenty:fir_planks":1,"minecraft:poppy":1,"minecraft:chest":3,"supplementaries:wild_flax":1,"minecraft:tall_grass":49,"minecraft:copper_ore":18,"minecraft:cobblestone":4,"minecraft:deepslate_coal_ore":2,"theurgy:sal_ammoniac_ore":5,"minecraft:lapis_ore":2,"minecraft:sugar_cane":2,"minecraft:diorite":1,"supplementaries:urn":4,"pipez:universal_pipe":1,"minecraft:gray_wool":1,"minecraft:spruce_log":54,"biomesoplenty:fir_log":10,"minecraft:grass":290,"minecraft:coal_ore":151,"minecraft:cobweb":9,"minecraft:dispenser":1,"minecraft:gold_ore":1,"minecraft:fern":33},"minecraft:used":{"minecraft:stone_sword":15,"deepresonance:resonating_crystal_natural":1,"minecraft:iron_shovel":36,"minecraft:stone_shovel":59,"minecraft:chest":13,"minecraft:spruce_planks":32,"minecraft:shield":2,"minecraft:torch":54,"minecraft:wooden_axe":12,"minecraft:furnace":4,"tombstone:gift":1,"minecraft:egg":1,"minecraft:cooked_beef":8,"minecraft:calcite":1,"minecraft:cooked_mutton":5,"minecraft:water_bucket":2,"tombstone:scroll_of_knowledge":1,"minecraft:diorite":1,"botanypots:terracotta_hopper_botany_pot":2,"minecraft:stone_pickaxe":116,"ars_nouveau:mendosteen_pod":3,"minecraft:wooden_pickaxe":59,"biomesoplenty:fir_planks":2,"biomesoplenty:fir_boat":3,"minecraft:crafting_table":5,"minecraft:blast_furnace":9,"minecraft:white_bed":2,"enderio:dark_steel_sword":114,"waystones:waystone":1,"minecraft:lever":1,"minecraft:iron_pickaxe":344,"minecraft:suspicious_stew":1,"quark:jasper":1,"minecraft:stone_axe":132,"pipez:universal_pipe":1,"minecraft:cobblestone":55,"minecraft:bucket":2,"biomesoplenty:fir_log":3,"cookingforblockheads:sink":1},"minecraft:dropped":{"occultism:datura_seeds":1,"minecraft:wheat_seeds":3,"sushigocrafting:wasabi_seeds":1,"delightful:green_tea_leaf":2,"silentgear:sinew":3,"minecraft:oxeye_daisy":1,"minecraft:wooden_axe":1,"tombstone:grave_dust":2,"potionsmaster:bezoar":2,"biomesoplenty:toadstool":1,"minecraft:bowl":1,"minecraft:rotten_flesh":11,"minecraft:iron_boots":1,"thermal:strawberry_seeds":1,"sushigocrafting:sesame_seeds":2,"minecraft:poppy":1,"aether:iron_gloves":1,"minecraft:stone_pickaxe":1,"immersiveengineering:seed":3,"minecraft:black_wool":1},"minecraft:custom":{"lootr:looted_stat":20,"minecraft:mob_kills":23,"minecraft:interact_with_crafting_table":41,"minecraft:damage_dealt_resisted":0,"minecraft:leave_game":2,"minecraft:time_since_death":32495,"minecraft:damage_resisted":0,"minecraft:sprint_one_cm":178401,"minecraft:walk_one_cm":123769,"minecraft:damage_blocked_by_shield":75,"minecraft:drop":23,"minecraft:play_time":94667,"minecraft:deaths":1,"minecraft:sneak_time":3649,"minecraft:walk_under_water_one_cm":4481,"minecraft:jump":1054,"minecraft:interact_with_blast_furnace":20,"minecraft:walk_on_water_one_cm":10784,"minecraft:total_world_time":94667,"minecraft:interact_with_furnace":62,"minecraft:sleep_in_bed":6,"minecraft:time_since_rest":2299,"minecraft:waystone_activated":1,"minecraft:damage_taken":1067,"minecraft:damage_dealt":5678,"minecraft:swim_one_cm":1955,"minecraft:fly_one_cm":202341,"minecraft:open_chest":84,"minecraft:crouch_one_cm":8576,"tombstone:undead_killed":17,"minecraft:fall_one_cm":26638}},"DataVersion":3465}