{"stats":{"minecraft:dropped":{"minecraft:stone_axe":1,"minecraft:birch_planks":13,"minecraft:wooden_pickaxe":1,"minecraft:mutton":1,"minecraft:crafting_table":1,"minecraft:white_wool":1,"minecraft:birch_sapling":1,"minecraft:stick":5},"minecraft:custom":{"minecraft:time_since_rest":3202,"minecraft:crouch_one_cm":289,"minecraft:play_time":3202,"minecraft:sprint_one_cm":5823,"minecraft:walk_one_cm":5037,"minecraft:sneak_time":168,"minecraft:mob_kills":1,"minecraft:drop":8,"minecraft:jump":42,"minecraft:damage_dealt":80,"minecraft:leave_game":2,"minecraft:time_since_death":3202,"minecraft:interact_with_crafting_table":3,"minecraft:total_world_time":3202,"minecraft:fly_one_cm":5711,"minecraft:fall_one_cm":1165},"minecraft:killed":{"minecraft:sheep":1},"minecraft:crafted":{"minecraft:birch_planks":24,"minecraft:crafting_table":1,"minecraft:stone_axe":1,"minecraft:stick":8,"minecraft:wooden_pickaxe":1},"minecraft:mined":{"minecraft:dirt":5,"minecraft:birch_log":6,"minecraft:stone":3,"minecraft:crafting_table":1},"minecraft:used":{"minecraft:stone_axe":2,"minecraft:dirt":5,"minecraft:crafting_table":1,"minecraft:wooden_pickaxe":6},"minecraft:picked_up":{"minecraft:birch_log":6,"minecraft:stick":1,"minecraft:crafting_table":1,"minecraft:mutton":1,"minecraft:birch_sapling":1,"minecraft:dirt":5,"minecraft:white_wool":1,"minecraft:cobblestone":3}},"DataVersion":3465}