{"stats":{"minecraft:picked_up":{"irons_spellbooks:scroll":1,"alltheores:osmium_ingot":2,"minecraft:crafting_table":3,"minecraft:wheat":12,"productivebees:slimy_nest":1,"minecraft:clay_ball":328,"irons_spellbooks:tarnished_helmet":1,"minecraft:lead":3,"ars_nouveau:blue_archwood_sapling":16,"enderio:broken_spawner":4,"sushigocrafting:soy_seeds":12,"minecraft:amethyst_block":3,"minecraft:string":9,"minecraft:raw_copper":190,"biomesoplenty:tall_lavender":3,"thermal:barley_seeds":4,"sushigocrafting:sesame_seeds":3,"minecraft:cracked_stone_bricks":3,"irons_spellbooks:arcane_essence":1,"mysticalagriculture:inferium_essence":35,"minecraft:candle":1,"twigs:pebble":29,"minecraft:beef":8,"minecraft:calcite":3,"minecraft:poppy":1,"minecraft:sugar_cane":11,"minecraft:coal_block":2,"minecraft:chest":7,"minecraft:furnace":12,"alltheores:raw_zinc":38,"minecraft:raw_iron":53,"botania:cyan_double_flower":3,"railcraft:sulfur_dust":26,"minecraft:bowl":3,"thermal:sadiroot_seeds":1,"minecraft:torch":20,"potionsmaster:bezoar":6,"mysticalagriculture:prosperity_shard":31,"ars_nouveau:blue_archwood_log":59,"ars_nouveau:frostaya_pod":3,"tombstone:grave_dust":3,"minecraft:redstone":18,"thermal:flax_seeds":1,"eidolon:tattered_cloth":1,"thermal:peanut_seeds":1,"minecraft:purple_candle":4,"mekanismtools:osmium_helmet":1,"minecraft:rotten_flesh":9,"thermal:corn_seeds":3,"alltheores:osmium_dust":16,"thermal:radish_seeds":6,"supplementaries:ash":1,"alltheores:raw_osmium":42,"minecraft:obsidian":1,"botania:green_mystical_flower":1,"minecraft:mutton":16,"forbidden_arcanus:spawner_scrap":2,"minecraft:white_wool":10,"minecraft:cobblestone":132,"biomesoplenty:lavender":40,"occultism:datura_seeds":16,"silentgear:flax_seeds":2,"sushigocrafting:rice_seeds":7,"minecraft:leather":10,"paraglider:spirit_orb":8,"minecraft:flint":5,"ars_elemental:yellow_archwood_sapling":4,"minecraft:oak_log":28,"quark:limestone":1,"minecraft:lapis_lazuli":27,"minecraft:dirt":696,"alltheores:raw_tin":52,"sushigocrafting:wasabi_seeds":9,"minecraft:apple":1,"theurgy:sal_ammoniac_crystal":25,"minecraft:wheat_seeds":44,"thermal:tomato_seeds":4,"minecraft:mossy_stone_bricks":5,"twigs:twig":28,"minecraft:mossy_stone_brick_stairs":1,"minecraft:smooth_basalt":4,"quark:shale":19,"thermal:strawberry_seeds":5,"mekanismtools:osmium_chestplate":1,"minecraft:dandelion":2,"sushigocrafting:cucumber_seeds":7,"minecraft:gravel":61,"powah:uraninite_raw":1,"minecraft:spruce_sapling":11,"thermal:green_bean_seeds":3,"minecraft:blast_furnace":4,"minecraft:spruce_log":109,"minecraft:white_bed":7,"ars_elemental:yellow_archwood_log":12,"thermal:onion_seeds":1,"thermal:rice_seeds":1,"botania:red_double_flower":4,"biomesoplenty:maple_sapling":3,"mekanismtools:osmium_leggings":1,"mekanismtools:osmium_boots":1,"immersiveengineering:seed":74,"minecraft:soul_lantern":2,"thermal:eggplant_seeds":3,"naturesaura:aura_bloom":5,"thermal:amaranth_seeds":2,"minecraft:black_wool":1,"minecraft:coal":269},"minecraft:crafted":{"minecraft:brick":82,"minecraft:farmland":3,"mekanismtools:osmium_paxel":1,"minecraft:oak_planks":65,"minecraft:stone_shovel":1,"mysticalagriculture:inferium_farmland":5,"botanypots:terracotta_hopper_botany_pot":5,"mekanismtools:osmium_shovel":1,"alltheores:copper_dust":37,"mekanismtools:osmium_chestplate":1,"minecraft:furnace":2,"minecraft:cooked_mutton":16,"mekanismtools:osmium_axe":1,"alltheores:copper_ore_hammer":2,"minecraft:terracotta":48,"minecraft:hopper":5,"alltheores:osmium_dust":45,"ars_nouveau:novice_spell_book":1,"minecraft:iron_boots":1,"minecraft:iron_axe":1,"minecraft:iron_hoe":1,"minecraft:stone_pickaxe":1,"minecraft:chest":27,"mekanismtools:osmium_boots":1,"minecraft:copper_block":4,"mekanismtools:osmium_helmet":1,"minecraft:stone_hoe":1,"mekanismtools:osmium_pickaxe":1,"minecraft:flower_pot":5,"sophisticatedbackpacks:iron_backpack":1,"minecraft:cooked_beef":7,"mysticalagriculture:inferium_seeds":1,"sophisticatedbackpacks:backpack":1,"alltheores:osmium_ingot":88,"minecraft:crafting_table":2,"minecraft:wooden_pickaxe":1,"minecraft:iron_helmet":1,"minecraft:iron_sword":2,"minecraft:copper_ingot":52,"minecraft:bucket":1,"crafting_on_a_stick:crafting_table":1,"mekanismtools:osmium_leggings":1,"minecraft:stone_axe":1,"minecraft:air":863,"biomesoplenty:fir_planks":63,"minecraft:book":1,"minecraft:iron_chestplate":1,"minecraft:paper":3,"minecraft:cobblestone":7,"minecraft:shield":1,"minecraft:stick":28,"minecraft:iron_ingot":92,"minecraft:iron_pickaxe":2,"minecraft:iron_shovel":1,"minecraft:stone_sword":1,"minecraft:iron_leggings":1,"botanypots:terracotta_botany_pot":5,"alltheores:iron_dust":46,"minecraft:white_bed":1,"minecraft:torch":91,"minecraft:clay":48},"minecraft:dropped":{"mekanismtools:osmium_boots":1,"ars_elemental:yellow_archwood_sapling":4,"irons_spellbooks:tarnished_helmet":1,"silentgear:flax_seeds":1,"mekanismtools:osmium_helmet":1,"irons_spellbooks:scroll":1,"tombstone:grave_dust":3,"irons_spellbooks:arcane_essence":1,"potionsmaster:bezoar":2,"minecraft:white_wool":3,"productivebees:slimy_nest":1,"minecraft:bowl":1,"ars_elemental:yellow_archwood_log":12,"minecraft:rotten_flesh":3,"mekanismtools:osmium_chestplate":1,"mekanismtools:osmium_leggings":1,"immersiveengineering:seed":1},"minecraft:killed":{"minecraft:spider":2,"minecraft:skeleton":1,"eidolon:wraith":1,"minecraft:drowned":2,"minecraft:husk":1,"minecraft:wandering_trader":1,"irons_spellbooks:necromancer":1,"minecraft:sheep":11,"minecraft:trader_llama":4,"minecraft:zombie":5,"minecraft:cow":6},"minecraft:broken":{"minecraft:wooden_pickaxe":1,"minecraft:stone_pickaxe":1,"minecraft:stone_axe":1},"minecraft:custom":{"lootr:looted_stat":1,"minecraft:mob_kills":36,"minecraft:interact_with_crafting_table":22,"minecraft:damage_dealt_resisted":0,"minecraft:leave_game":2,"minecraft:time_since_death":142230,"minecraft:climb_one_cm":111,"minecraft:damage_resisted":0,"minecraft:sprint_one_cm":503485,"minecraft:walk_one_cm":276364,"minecraft:drop":19,"minecraft:talked_to_villager":3,"minecraft:play_time":180961,"minecraft:deaths":3,"minecraft:sneak_time":4401,"minecraft:walk_under_water_one_cm":15798,"minecraft:jump":2901,"minecraft:interact_with_blast_furnace":38,"minecraft:walk_on_water_one_cm":18455,"minecraft:total_world_time":180961,"minecraft:interact_with_furnace":130,"minecraft:sleep_in_bed":8,"minecraft:time_since_rest":5921,"minecraft:damage_taken":2265,"minecraft:damage_dealt":5836,"minecraft:swim_one_cm":66490,"minecraft:fly_one_cm":589540,"minecraft:open_chest":118,"minecraft:crouch_one_cm":14829,"tombstone:undead_killed":11,"tombstone:villager_killed":1,"minecraft:fall_one_cm":63615},"minecraft:used":{"botania:red_double_flower":1,"minecraft:stone_sword":22,"minecraft:stone_shovel":79,"minecraft:chest":28,"minecraft:iron_sword":101,"minecraft:torch":121,"minecraft:dirt":52,"biomesoplenty:maple_sapling":3,"minecraft:iron_hoe":84,"supplementaries:pedestal":1,"silentgear:pickaxe":256,"minecraft:furnace":14,"tombstone:gift":2,"torchmaster:megatorch":1,"minecraft:cooked_beef":14,"minecraft:wheat_seeds":40,"minecraft:cooked_mutton":16,"minecraft:water_bucket":8,"minecraft:mossy_stone_bricks":5,"botanypots:terracotta_hopper_botany_pot":5,"mysticalagriculture:inferium_shovel":747,"minecraft:stone_pickaxe":131,"minecraft:wooden_pickaxe":59,"minecraft:mossy_stone_brick_stairs":1,"minecraft:sugar_cane":8,"mekanismtools:osmium_axe":58,"minecraft:cracked_stone_bricks":3,"minecraft:crafting_table":3,"minecraft:mushroom_stew":3,"minecraft:blast_furnace":4,"minecraft:white_bed":8,"minecraft:iron_pickaxe":250,"sophisticatedstorage:basic_to_iron_tier_upgrade":1,"minecraft:spruce_sapling":4,"minecraft:cat_spawn_egg":1,"minecraft:soul_lantern":2,"minecraft:stone_axe":131,"minecraft:cobblestone":52,"minecraft:bucket":9},"minecraft:mined":{"mysticalagriculture:prosperity_ore":10,"minecraft:white_bed":7,"alltheores:zinc_ore":38,"silentgear:wild_flax_plant":2,"minecraft:candle":1,"alltheores:osmium_ore":42,"minecraft:purple_candle":1,"biomesoplenty:bush":2,"minecraft:grass_block":434,"railcraft:sulfur_ore":7,"productivebees:slimy_nest":1,"botania:cyan_double_flower":3,"twigs:twig":1,"minecraft:coal_block":2,"minecraft:spruce_leaves":4,"naturesaura:aura_bloom":5,"mysticalagriculture:inferium_ore":7,"minecraft:spawner":2,"minecraft:redstone_ore":4,"biomesoplenty:tall_lavender":3,"minecraft:furnace":12,"minecraft:iron_ore":53,"biomesoplenty:lavender":40,"minecraft:mossy_stone_brick_stairs":1,"biomesoplenty:webbing":1,"quark:limestone":1,"powah:uraninite_ore_poor":1,"minecraft:stone":110,"botania:green_mystical_flower":1,"minecraft:dandelion":2,"minecraft:clay":82,"minecraft:crafting_table":3,"minecraft:torch":5,"delightful:pumpkin_pie":2,"minecraft:blast_furnace":4,"minecraft:calcite":3,"minecraft:poppy":1,"minecraft:chest":7,"minecraft:tall_grass":94,"minecraft:copper_ore":54,"minecraft:cobblestone":22,"biomesoplenty:sprout":1,"theurgy:sal_ammoniac_ore":25,"minecraft:lapis_ore":5,"minecraft:sugar_cane":4,"ars_elemental:yellow_archwood_log":12,"minecraft:wall_torch":6,"minecraft:amethyst_block":5,"supplementaries:urn":5,"botania:red_double_flower":4,"ars_nouveau:blue_archwood_log":59,"minecraft:wheat":3,"alltheores:tin_ore":52,"minecraft:spruce_log":109,"gtceu:marble":2,"minecraft:grass":478,"minecraft:coal_ore":213,"minecraft:oak_log":28,"minecraft:gravel":66,"minecraft:dirt":261,"minecraft:cobweb":7,"minecraft:smooth_basalt":4,"minecraft:cracked_stone_bricks":3,"minecraft:mossy_stone_bricks":5},"minecraft:killed_by":{"minecraft:spider":1,"minecraft:skeleton":2}},"DataVersion":3465}