{"stats":{"minecraft:killed":{"minecraft:sheep":1},"minecraft:crafted":{"minecraft:birch_planks":24,"minecraft:crafting_table":1,"minecraft:stone_axe":1,"minecraft:stick":8,"minecraft:wooden_pickaxe":1},"minecraft:picked_up":{"minecraft:birch_log":6,"minecraft:crafting_table":1,"minecraft:stick":1,"minecraft:mutton":1,"minecraft:birch_sapling":1,"minecraft:white_wool":1,"minecraft:dirt":5,"minecraft:cobblestone":3},"minecraft:custom":{"minecraft:time_since_rest":2460,"minecraft:crouch_one_cm":289,"minecraft:sprint_one_cm":5058,"minecraft:play_time":2460,"minecraft:walk_one_cm":3124,"minecraft:sneak_time":168,"minecraft:mob_kills":1,"minecraft:drop":8,"minecraft:jump":36,"minecraft:damage_dealt":80,"minecraft:leave_game":1,"minecraft:time_since_death":2460,"minecraft:total_world_time":2460,"minecraft:fall_one_cm":1165,"minecraft:interact_with_crafting_table":3,"minecraft:fly_one_cm":4929},"minecraft:used":{"minecraft:stone_axe":2,"minecraft:dirt":5,"minecraft:crafting_table":1,"minecraft:wooden_pickaxe":6},"minecraft:mined":{"minecraft:dirt":5,"minecraft:birch_log":6,"minecraft:stone":3,"minecraft:crafting_table":1},"minecraft:dropped":{"minecraft:stone_axe":1,"minecraft:birch_planks":13,"minecraft:wooden_pickaxe":1,"minecraft:white_wool":1,"minecraft:mutton":1,"minecraft:crafting_table":1,"minecraft:stick":5,"minecraft:birch_sapling":1}},"DataVersion":3465}