{"stats":{"minecraft:picked_up":{"ars_nouveau:glyph_dispel":1,"minecraft:wheat":25,"minecraft:redstone_block":2,"minecraft:chainmail_boots":1,"minecraft:nether_brick_fence":2,"minecraft:anvil":4,"minecraft:flower_pot":5,"croptopia:grape_seed":3,"reliquary:fertile_lily_pad":7,"minecraft:smithing_table":1,"minecraft:lead":11,"alltheores:copper_dust":26,"minecraft:enchanted_book":1,"ars_nouveau:glyph_interact":1,"minecraft:amethyst_block":202,"forbidden_arcanus:xpetrified_orb":6,"minecraft:string":4,"minecraft:soul_soil":8,"mekanismgenerators:heat_generator":1,"minecraft:raw_copper":627,"minecraft:iron_leggings":1,"botania:light_gray_double_flower":1,"minecraft:gold_nugget":1,"mekanism:basic_universal_cable":1,"mysticalagriculture:inferium_essence":412,"minecraft:cobbled_deepslate":140,"reliquary:zombie_heart":1,"twigs:pebble":55,"minecraft:calcite":64,"minecraft:coal_block":8,"ars_elemental:flashpine_pod":6,"irons_spellbooks:inscription_table":1,"wstweaks:fragment":28,"minecraft:furnace":14,"minecraft:stick":8,"apotheosis:gem":13,"railcraft:sulfur_dust":40,"minecraft:torch":15,"mysticalagriculture:prosperity_shard":219,"minecraft:acacia_log":3,"botania:black_mushroom":1,"ars_nouveau:glyph_pickup":1,"croptopia:olive_seed":1,"easy_villagers:iron_farm":1,"tombstone:grave_dust":7,"eidolon:tattered_cloth":8,"minecraft:cactus":192,"minecraft:rotten_flesh":21,"botania:orange_double_flower":1,"thermal:corn_seeds":1,"ars_nouveau:agronomic_sourcelink":1,"create:scoria":1,"supplementaries:antique_ink":2,"ars_nouveau:imbuement_chamber":4,"supplementaries:ash":10,"minecraft:blaze_rod":1,"minecraft:obsidian":38,"ars_nouveau:manipulation_essence":8,"minecraft:cobblestone":421,"forbidden_arcanus:stellarite_piece":1,"occultism:datura_seeds":2,"minecraft:magma_cream":1,"travelersbackpack:magma_cube":1,"reliquary:molten_core":2,"ad_astra:coal_generator":1,"minecraft:potato":777,"minecraft:flint":12,"ars_nouveau:glyph_rotate":1,"paraglider:spirit_orb":24,"minecraft:tuff":117,"ars_elemental:yellow_archwood_sapling":12,"supplementaries:flax_seeds":4,"ars_nouveau:glyph_phantom_block":2,"ars_nouveau:scribes_table":2,"minecraft:lapis_lazuli":234,"thermal:oil_sand":94,"minecraft:dirt":709,"bhc:red_heart":5,"productivebees:advanced_oak_beehive":1,"sushigocrafting:wasabi_seeds":1,"alltheores:raw_tin":164,"minecraft:bone":55,"botania:cyan_mystical_flower":1,"theurgy:sal_ammoniac_crystal":61,"minecraft:wheat_seeds":50,"minecraft:bow":4,"ars_nouveau:source_gem":22,"botania:pink_mystical_flower":2,"minecraft:raw_gold":28,"forbidden_arcanus:rune":1,"minecraft:oak_planks":1,"minecraft:diamond_helmet":1,"twigs:twig":18,"botania:gray_mystical_flower":1,"ironfurnaces:iron_furnace":3,"ars_nouveau:glyph_randomize":1,"thermal:bell_pepper_seeds":1,"botania:red_mystical_flower":1,"quark:shale":4,"patchouli:guide_book":1,"ars_nouveau:glyph_ignite":1,"alltheores:raw_lead":15,"botania:pink_double_flower":1,"ars_nouveau:spell_bow":1,"minecraft:poisonous_potato":2,"torchmaster:megatorch":1,"ars_elemental:glyph_conjure_terrain":1,"minecraft:sand":663,"endermanoverhaul:soul_pearl":3,"croptopia:eggplant_seed":1,"ars_elemental:yellow_archwood_log":70,"minecraft:lily_of_the_valley":2,"ars_nouveau:glyph_delay":1,"minecraft:chiseled_sandstone":1,"quark:jasper":18,"minecraft:bundle":1,"alltheores:raw_nickel":92,"mekanismtools:bronze_shovel":1,"minecraft:diamond":10,"minecraft:lever":1,"minecraft:soul_lantern":1,"alltheores:raw_aluminum":143,"ars_nouveau:glyph_summon_steed":1,"thermal:eggplant_seeds":3,"minecraft:emerald":7,"minecraft:oak_sapling":2,"minecraft:nether_wart":2,"alltheores:raw_platinum":111,"ars_nouveau:arcane_pedestal":3,"minecraft:diamond_pickaxe":4,"croptopia:toast":3,"mekanismtools:osmium_paxel":3,"minecraft:crafting_table":3,"create_new_age:thorium":105,"minecraft:clay_ball":172,"ars_nouveau:glyph_redstone_signal":1,"minecraft:gold_block":1,"ars_nouveau:glyph_cut":1,"enderio:broken_spawner":12,"minecraft:shield":1,"minecraft:cornflower":1,"minecraft:red_bed":3,"ars_nouveau:reset":1,"minecraft:item_frame":1,"ars_nouveau:glyph_pull":1,"minecraft:white_carpet":4,"botania:magenta_mystical_flower":1,"minecraft:iron_nugget":30,"minecraft:lectern":1,"minecraft:sugar_cane":282,"minecraft:chest":13,"forbidden_arcanus:bat_wing":1,"reliquary:catalyzing_gland":2,"minecraft:raw_iron":202,"minecraft:sandstone":15,"alltheores:raw_zinc":175,"minecraft:stone":37,"minecraft:copper_ingot":16,"ars_nouveau:glyph_underfoot":1,"biomesoplenty:wilted_lily":2,"botania:lime_double_flower":2,"minecraft:stone_button":1,"minecraft:carrot":1968,"minecraft:redstone":197,"minecraft:tnt":7,"minecraft:arrow":26,"minecraft:diamond_chestplate":1,"botania:lime_mystical_flower":4,"alltheores:raw_osmium_block":1,"minecraft:nether_bricks":2,"ironfurnaces:gold_furnace":3,"botania:blue_mystical_flower":1,"pneumaticcraft:charging_station":1,"tombstone:essence_of_undeath":1,"alltheores:raw_osmium":372,"forbidden_arcanus:spawner_scrap":6,"minecraft:bone_block":1,"minecraft:white_wool":3,"minecraft:clock":1,"mysticalagriculture:fertilized_essence":2,"minecraft:glow_ink_sac":5,"minecraft:leather":12,"croptopia:glowing_calamari":6,"bhc:wither_bone":2,"easy_villagers:farmer":1,"minecraft:oak_log":32,"minecraft:gunpowder":10,"quark:limestone":19,"minecraft:white_banner":2,"croptopia:olive":1,"minecraft:smooth_sandstone":4,"rftoolsbase:dimensionalshard":5,"ars_nouveau:glyph_harvest":1,"tombstone:bag_of_seeds":2,"minecraft:iron_sword":1,"minecraft:flowering_azalea":1,"minecraft:book":114,"artifacts:obsidian_skull":1,"thermal:blitz_rod":2,"ars_nouveau:source_jar":2,"forbidden_arcanus:golden_orchid_seeds":3,"minecraft:cracked_nether_bricks":1,"minecraft:gravel":124,"minecraft:amethyst_shard":104,"powah:uraninite_raw":22,"minecraft:spruce_sapling":10,"silentgear:bort":2,"minecraft:spruce_log":35,"minecraft:spider_eye":2,"ars_nouveau:glyph_light":2,"mekanismgenerators:wind_generator":2,"artifacts:helium_flamingo":1,"botania:red_double_flower":1,"immersiveengineering:seed":5,"ars_nouveau:source_gem_block":1,"evilcraft:dark_gem":45,"mekanism:fluorite_gem":50,"alltheores:raw_silver":67,"tombstone:magic_scroll":2,"minecraft:coal":225,"alltheores:raw_silver_block":1},"minecraft:mined":{"mekanismgenerators:wind_generator":2,"minecraft:farmland":2,"minecraft:black_terracotta":1,"botania:red_mystical_flower":1,"botania:pink_double_flower":1,"minecraft:obsidian":38,"minecraft:budding_amethyst":2,"minecraft:acacia_log":3,"minecraft:grass_block":533,"railcraft:sulfur_ore":17,"minecraft:coal_block":8,"biomesoplenty:wilted_lily":2,"minecraft:nether_wart":2,"productivebees:advanced_oak_beehive":1,"mysticalagriculture:inferium_ore":54,"minecraft:spawner":7,"biomesoplenty:blackstone_bulb":3,"theurgy:deepslate_sal_ammoniac_ore":15,"ironfurnaces:gold_furnace":3,"minecraft:iron_ore":168,"minecraft:fire":1,"alltheores:platinum_ore":54,"botania:lime_double_flower":2,"minecraft:anvil":4,"minecraft:deepslate_lapis_ore":12,"silentgear:deepslate_bort_ore":2,"minecraft:dirt_path":1,"quark:limestone":24,"powah:uraninite_ore_poor":7,"minecraft:potted_cornflower":1,"minecraft:azalea_leaves":1,"alltheores:nickel_ore":44,"minecraft:tripwire":3,"minecraft:deepslate_redstone_ore":30,"minecraft:soul_fire":19,"minecraft:red_bed":3,"minecraft:amethyst_cluster":20,"ars_nouveau:light_block":6,"alltheores:raw_osmium_block":1,"powah:uraninite_ore":2,"thermal:oil_sand":94,"minecraft:clay":43,"ironfurnaces:iron_furnace":3,"minecraft:torch":4,"minecraft:calcite":64,"minecraft:chest":13,"minecraft:dead_bush":6,"supplementaries:wild_flax":3,"easy_villagers:farmer":1,"minecraft:cobblestone":2,"botania:blue_mystical_flower":1,"minecraft:oak_planks":1,"minecraft:sugar_cane":84,"ars_nouveau:scribes_table":2,"botania:light_gray_double_flower":1,"alltheores:deepslate_nickel_ore":48,"minecraft:wall_torch":1,"minecraft:amethyst_block":202,"powah:deepslate_uraninite_ore_poor":9,"minecraft:seagrass":1,"rftoolsbase:dimensionalshard_overworld":1,"alltheores:deepslate_osmium_ore":184,"evilcraft:dark_ore_deepslate":4,"minecraft:wheat":2,"biomesoplenty:large_rose_quartz_bud":1,"alltheores:tin_ore":164,"minecraft:tnt":9,"minecraft:grass":21,"minecraft:oak_log":32,"alltheores:raw_silver_block":1,"minecraft:dirt":173,"minecraft:sand":671,"mysticalagriculture:deepslate_prosperity_ore":44,"mekanism:basic_universal_cable":1,"mysticalagriculture:deepslate_inferium_ore":38,"minecraft:deepslate":216,"powah:deepslate_uraninite_ore":1,"mysticalagriculture:prosperity_ore":43,"minecraft:diamond_ore":1,"minecraft:tuff":117,"forbidden_arcanus:stella_arcanum":1,"alltheores:zinc_ore":174,"botania:orange_double_flower":1,"minecraft:deepslate_diamond_ore":8,"quark:shale":16,"alltheores:osmium_ore":198,"minecraft:potted_flowering_azalea_bush":1,"torchmaster:megatorch":1,"minecraft:nether_bricks":2,"mekanismgenerators:heat_generator":1,"biomesoplenty:bush":6,"alltheores:deepslate_silver_ore":18,"create_new_age:thorium_ore":33,"minecraft:cracked_nether_bricks":1,"minecraft:sandstone":15,"quark:jasper":18,"minecraft:redstone_ore":14,"botania:magenta_mystical_flower":1,"easy_villagers:iron_farm":1,"minecraft:furnace":14,"minecraft:carrots":57,"minecraft:chiseled_sandstone":1,"evilcraft:dark_ore":6,"alltheores:lead_ore":15,"minecraft:nether_brick_fence":2,"minecraft:bookshelf":38,"minecraft:potatoes":26,"ars_nouveau:agronomic_sourcelink":1,"alltheores:deepslate_platinum_ore":57,"minecraft:deepslate_iron_ore":34,"alltheores:silver_ore":49,"alltheores:aluminum_ore":143,"irons_spellbooks:inscription_table":1,"minecraft:stone":422,"minecraft:bone_block":1,"minecraft:white_wool":3,"minecraft:smithing_table":1,"pneumaticcraft:charging_station":1,"botania:lime_mystical_flower":4,"minecraft:redstone_block":2,"minecraft:potted_lily_of_the_valley":2,"minecraft:smooth_sandstone":4,"minecraft:crafting_table":3,"minecraft:lectern":1,"minecraft:copper_ore":236,"ars_nouveau:source_jar":2,"minecraft:lapis_ore":18,"theurgy:sal_ammoniac_ore":40,"minecraft:deepslate_gold_ore":12,"ars_elemental:yellow_archwood_log":70,"supplementaries:urn":18,"botania:pink_mystical_flower":2,"botania:cyan_mystical_flower":1,"botania:red_double_flower":1,"minecraft:cactus":58,"reliquary:fertile_lily_pad":5,"forbidden_arcanus:xpetrified_ore":6,"ars_nouveau:arcane_pedestal":3,"minecraft:spruce_log":35,"minecraft:coal_ore":208,"mekanism:deepslate_fluorite_ore":14,"minecraft:gravel":138,"ad_astra:coal_generator":1,"botania:gray_mystical_flower":1,"ars_nouveau:imbuement_chamber":4,"alltheores:deepslate_zinc_ore":1,"minecraft:gold_ore":16,"forbidden_arcanus:runic_deepslate":1},"minecraft:killed":{"minecraft:spider":3,"minecraft:skeleton":27,"minecraft:silverfish":1,"thermal:blitz":5,"artifacts:mimic":2,"minecraft:magma_cube":9,"minecraft:piglin":1,"minecraft:creeper":14,"minecraft:trader_llama":11,"minecraft:zombie":16,"minecraft:ghast":1,"eidolon:zombie_brute":1,"minecraft:blaze":1,"aquaculture:boulti":1,"eidolon:wraith":11,"endermanoverhaul:soulsand_valley_enderman":5,"minecraft:husk":1,"minecraft:bat":1,"minecraft:wandering_trader":6,"endermanoverhaul:spirit":14,"minecraft:wither_skeleton":10},"minecraft:used":{"minecraft:iron_shovel":726,"easy_villagers:breeder":1,"minecraft:chest":29,"minecraft:carrot":135,"mekanism:basic_universal_cable":5,"easy_villagers:converter":1,"minecraft:milk_bucket":1,"minecraft:obsidian":13,"mekanism:basic_energy_cube":1,"mekanismgenerators:wind_generator":5,"easy_villagers:iron_farm":2,"pneumaticcraft:charging_station":1,"minecraft:item_frame":1,"ironfurnaces:iron_furnace":7,"silentgear:paxel":3104,"minecraft:furnace":19,"minecraft:potato":27,"mekanismtools:osmium_paxel":777,"minecraft:oak_planks":8,"minecraft:stone_pickaxe":1,"minecraft:cactus":29,"minecraft:wooden_pickaxe":59,"minecraft:sandstone":15,"minecraft:sugar_cane":23,"minecraft:sand":54,"ars_nouveau:agronomic_sourcelink":2,"sophisticatedstorage:basic_tier_upgrade":1,"ars_nouveau:enchanting_apparatus":1,"easy_villagers:villager":3,"minecraft:chiseled_sandstone":1,"mekanismtools:osmium_shield":21,"minecraft:bread":12,"mekanism:metallurgic_infuser":1,"sophisticatedstorage:basic_to_iron_tier_upgrade":3,"quark:jasper":5,"minecraft:gravel":83,"croptopia:toast":28,"minecraft:grindstone":1,"mysticalagriculture:inferium_axe":29,"minecraft:experience_bottle":3,"cookingforblockheads:sink":1,"minecraft:flint_and_steel":1,"ironfurnaces:gold_furnace":4,"minecraft:dead_bush":4,"minecraft:stone_sword":60,"minecraft:enchanting_table":1,"ars_nouveau:arcane_core":1,"minecraft:stone_shovel":131,"ars_nouveau:archwood_slab":2,"quark:spruce_bookshelf":15,"minecraft:torch":81,"minecraft:dirt":239,"minecraft:anvil":5,"minecraft:hopper":1,"supplementaries:pedestal":1,"minecraft:iron_hoe":80,"mekanismgenerators:heat_generator":1,"minecraft:smooth_sandstone":4,"easy_villagers:trader":9,"ars_nouveau:imbuement_chamber":4,"mysticalagriculture:inferium_scythe":207,"silentgear:pickaxe":396,"minecraft:goat_horn":1,"tombstone:gift":5,"easy_villagers:incubator":1,"torchmaster:megatorch":3,"minecraft:cooked_beef":8,"ad_astra:coal_generator":1,"minecraft:wheat_seeds":2,"tombstone:scroll_of_mercy":1,"botanypots:terracotta_hopper_botany_pot":6,"minecraft:water_bucket":10,"tombstone:scroll_of_knowledge":1,"minecraft:baked_potato":46,"easy_villagers:farmer":2,"minecraft:crafting_table":4,"minecraft:red_bed":3,"croptopia:olive":1,"minecraft:oak_log":1,"tombstone:bag_of_seeds":3,"functionalstorage:oak_4":2,"ars_nouveau:source_jar":4,"ars_nouveau:arcane_pedestal":11,"minecraft:iron_pickaxe":250,"tombstone:magic_scroll":3,"minecraft:stone_axe":114,"productivebees:advanced_oak_beehive":1,"minecraft:cobblestone":103,"sophisticatedstorage:iron_chest":1,"minecraft:white_banner":2,"minecraft:bucket":10,"ars_nouveau:scribes_table":3},"minecraft:crafted":{"minecraft:brick":10,"minecraft:grindstone":1,"minecraft:oak_planks":130,"utilitix:tiny_charcoal":8,"ars_nouveau:archwood_planks":4,"mekanismtools:osmium_shield":1,"minecraft:acacia_pressure_plate":1,"botanypots:terracotta_hopper_botany_pot":6,"alltheores:copper_dust":85,"silentgear:sturdy_repair_kit":14,"mekanismtools:osmium_chestplate":1,"ironfurnaces:iron_furnace":4,"croptopia:toast":28,"minecraft:stone":0,"easy_villagers:incubator":1,"minecraft:lever":1,"minecraft:pink_carpet":2,"mekanismgenerators:heat_generator":1,"minecraft:bookshelf":6,"minecraft:spruce_pressure_plate":1,"minecraft:glass":74,"minecraft:hopper":8,"alltheores:osmium_dust":88,"minecraft:bow":1,"minecraft:iron_boots":1,"alltheores:iron_rod":4,"mekanismtools:osmium_boots":1,"minecraft:chest":26,"minecraft:copper_block":14,"ars_nouveau:enchanting_apparatus":1,"easy_villagers:trader":9,"alltheores:steel_dust":20,"mekanism:energy_tablet":10,"minecraft:flower_pot":2,"mekanismtools:osmium_pickaxe":1,"minecraft:oak_slab":9,"minecraft:target":1,"minecraft:emerald":136,"minecraft:arrow":128,"sophisticatedbackpacks:backpack":1,"ars_nouveau:arcane_core":1,"minecraft:crafting_table":2,"minecraft:spruce_planks":54,"alltheores:raw_silver":1,"minecraft:wooden_pickaxe":1,"minecraft:baked_potato":64,"ars_nouveau:source_jar":1,"minecraft:clock":4,"minecraft:copper_ingot":206,"minecraft:gold_block":1,"minecraft:fletching_table":4,"minecraft:hay_block":1,"mekanismtools:osmium_leggings":1,"rechiseled:chisel":1,"minecraft:lectern":6,"silentgear:paxel":1,"minecraft:string":17,"minecraft:charcoal":6,"minecraft:diamond_pickaxe":1,"mekanism:steel_casing":1,"minecraft:shield":1,"minecraft:stone_slab":6,"minecraft:stick":323,"minecraft:iron_ingot":138,"minecraft:iron_pickaxe":3,"minecraft:stone_sword":1,"minecraft:iron_block":3,"minecraft:gold_ingot":44,"ars_nouveau:scribes_table":1,"ars_nouveau:arcane_pedestal":8,"minecraft:shears":1,"silentgear:pickaxe":1,"mekanismtools:osmium_paxel":1,"mekanism:basic_universal_cable":16,"minecraft:redstone":2,"minecraft:coal":8,"minecraft:stone_shovel":1,"minecraft:fishing_rod":1,"mekanismgenerators:wind_generator":4,"minecraft:iron_nugget":18,"mysticalagriculture:inferium_farmland":6,"alltheores:raw_osmium":1,"mekanismtools:osmium_shovel":1,"sophisticatedstorage:iron_chest":1,"minecraft:stone_button":4,"minecraft:furnace":13,"alltheores:gold_dust":32,"easy_villagers:iron_farm":1,"minecraft:bone_meal":6,"ars_nouveau:archwood_slab":2,"minecraft:pink_dye":2,"minecraft:white_carpet":3,"minecraft:glass_pane":65,"minecraft:flint_and_steel":2,"alltheores:copper_ore_hammer":7,"ars_nouveau:source_gem_block":1,"mekanismtools:osmium_axe":1,"minecraft:terracotta":32,"minecraft:lantern":2,"ars_nouveau:novice_spell_book":1,"minecraft:iron_axe":1,"minecraft:iron_hoe":3,"minecraft:stone_pickaxe":1,"alltheores:steel_ingot":0,"minecraft:redstone_block":3,"mekanismtools:osmium_helmet":1,"ars_nouveau:agronomic_sourcelink":1,"sophisticatedbackpacks:iron_backpack":1,"minecraft:coal_block":2,"minecraft:red_dye":7,"mysticalagriculture:inferium_seeds":1,"easy_villagers:farmer":1,"alltheores:osmium_ingot":176,"mekanism:metallurgic_infuser":1,"ars_nouveau:imbuement_chamber":1,"minecraft:enchanting_table":1,"minecraft:iron_sword":2,"sophisticatedstorage:basic_to_iron_tier_upgrade":5,"minecraft:bucket":4,"crafting_on_a_stick:crafting_table":1,"minecraft:stone_axe":1,"minecraft:enchanted_book":4,"minecraft:bread":154,"minecraft:air":6500,"ars_nouveau:sourcestone":12,"sophisticatedstorage:chest":3,"quark:spruce_bookshelf":15,"minecraft:white_wool":3,"mekanism:basic_energy_cube":1,"minecraft:cobblestone":11,"minecraft:gold_nugget":13,"minecraft:white_dye":6,"easy_villagers:breeder":1,"minecraft:iron_shovel":3,"botanypots:terracotta_botany_pot":6,"ad_astra:coal_generator":1,"minecraft:anvil":1,"alltheores:iron_dust":185,"minecraft:white_bed":1,"minecraft:acacia_planks":4,"minecraft:torch":21,"easy_villagers:converter":1,"minecraft:clay":32},"minecraft:dropped":{"quark:limestone":3,"twigs:pebble":3,"minecraft:dirt":25,"tombstone:bag_of_seeds":1,"minecraft:cobbled_deepslate":8,"minecraft:rotten_flesh":7,"quark:shale":4,"patchouli:guide_book":3,"supplementaries:antique_ink":2,"botania:black_mushroom":1,"supplementaries:flax_seeds":1,"supplementaries:ash":5,"create:scoria":1,"mysticalagriculture:inferium_essence":2,"apotheosis:gem":4,"minecraft:enchanted_book":2,"eidolon:tattered_cloth":1,"croptopia:kale_seed":3,"irons_spellbooks:scroll":2,"ars_nouveau:worn_notebook":1,"tombstone:grave_dust":5,"thermal:radish_seeds":1,"minecraft:iron_shovel":1,"minecraft:raw_copper":13,"minecraft:iron_boots":1,"forbidden_arcanus:bat_wing":1,"minecraft:potato":4,"minecraft:flower_pot":1,"croptopia:kiwi_seed":3,"minecraft:diamond_pickaxe":4,"minecraft:bundle":1,"minecraft:stone_pickaxe":1},"minecraft:custom":{"lootr:looted_stat":78,"minecraft:interact_with_crafting_table":233,"minecraft:leave_game":5,"minecraft:time_since_death":14694,"minecraft:damage_resisted":0,"minecraft:sprint_one_cm":943620,"minecraft:damage_blocked_by_shield":1800,"minecraft:drop":50,"minecraft:talked_to_villager":16,"minecraft:play_time":474884,"minecraft:deaths":6,"minecraft:jump":5059,"minecraft:walk_on_water_one_cm":24754,"minecraft:enchant_item":9,"minecraft:interact_with_furnace":239,"minecraft:traded_with_villager":148,"minecraft:sleep_in_bed":27,"minecraft:damage_dealt":25048,"minecraft:crouch_one_cm":35960,"tombstone:undead_killed":80,"tombstone:villager_killed":6,"minecraft:interact_with_smoker":1,"minecraft:inspect_dispenser":1,"minecraft:interact_with_anvil":3,"minecraft:interact_with_smithing_table":1,"minecraft:mob_kills":142,"minecraft:inspect_hopper":2,"minecraft:damage_dealt_resisted":0,"minecraft:climb_one_cm":16496,"minecraft:walk_one_cm":930070,"minecraft:sneak_time":12534,"minecraft:walk_under_water_one_cm":29210,"minecraft:total_world_time":474884,"minecraft:interact_with_grindstone":5,"minecraft:time_since_rest":14033,"minecraft:damage_taken":6277,"tombstone:cast_on_ally":0,"minecraft:swim_one_cm":276456,"minecraft:fly_one_cm":972794,"minecraft:open_chest":1086,"minecraft:fall_one_cm":93248},"minecraft:killed_by":{"minecraft:pillager":1,"endermanoverhaul:spirit":1,"minecraft:piglin":1,"thermal:blitz":1,"endermanoverhaul:soulsand_valley_enderman":1},"minecraft:broken":{"minecraft:iron_shovel":2,"minecraft:stone_shovel":1,"minecraft:wooden_pickaxe":1,"minecraft:iron_pickaxe":1}},"DataVersion":3465}