{"stats":{"minecraft:picked_up":{"minecraft:allium":1,"minecraft:crafting_table":8,"minecraft:iron_chestplate":1,"gtceu:sticky_resin":12,"biomesoplenty:violet":4,"gtceu:rubber_log":6,"enderio:broken_spawner":2,"sushigocrafting:soy_seeds":1,"ars_nouveau:archwood_planks":2,"silentgear:sinew":2,"minecraft:string":13,"artifacts:fire_gauntlet":1,"mysticalagriculture:inferium_essence":11,"minecraft:cobbled_deepslate":7,"ars_nouveau:mendosteen_pod":6,"minecraft:iron_nugget":41,"delightful:green_tea_leaf":1,"ars_elemental:flashpine_pod":8,"minecraft:furnace":10,"minecraft:stick":4,"apotheosis:gem":7,"minecraft:raw_iron":386,"railcraft:sulfur_dust":2,"minecraft:torch":67,"potionsmaster:bezoar":1,"botania:black_mushroom":1,"quark:blossom_log":34,"tombstone:grave_dust":6,"minecraft:redstone":93,"quark:blossom_planks":2,"ars_nouveau:green_archwood_log":52,"mekanismtools:osmium_helmet":1,"minecraft:arrow":3,"minecraft:rotten_flesh":14,"supplementaries:antique_ink":3,"ars_nouveau:sourceberry_bush":80,"supplementaries:ash":42,"minecraft:obsidian":8,"forbidden_arcanus:spawner_scrap":6,"minecraft:white_wool":6,"minecraft:cobblestone":266,"occultism:datura_seeds":1,"minecraft:leather":9,"biomesoplenty:fir_log":126,"paraglider:spirit_orb":8,"gtceu:rubber_sapling":6,"minecraft:tuff":1,"ars_elemental:yellow_archwood_sapling":2,"botania:magenta_mushroom":2,"quark:limestone":3,"minecraft:lapis_lazuli":61,"minecraft:dirt":9,"minecraft:cooked_mutton":4,"sushigocrafting:wasabi_seeds":3,"minecraft:bone":6,"theurgy:sal_ammoniac_crystal":8,"minecraft:wheat_seeds":1,"minecraft:raw_gold":21,"create_new_age:magnetite_block":1,"minecraft:iron_ingot":3,"twigs:twig":1,"minecraft:sweet_berries":40,"quark:shale":28,"mekanismtools:osmium_chestplate":1,"minecraft:white_bed":5,"ars_elemental:yellow_archwood_log":64,"thermal:onion_seeds":1,"minecraft:spider_eye":7,"mekanismtools:osmium_boots":1,"immersiveengineering:seed":1,"minecraft:diamond":3,"alltheores:raw_aluminum":1,"deepresonance:resonating_crystal_natural":1,"minecraft:coal":517},"minecraft:crafted":{"minecraft:coal":32,"ars_nouveau:archwood_planks":12,"minecraft:furnace":2,"minecraft:iron_boots":1,"minecraft:iron_axe":1,"minecraft:stone_pickaxe":1,"minecraft:chest":1,"minecraft:redstone_block":10,"gtceu:rubber_planks":21,"sophisticatedbackpacks:backpack":1,"quark:blossom_planks":50,"minecraft:crafting_table":11,"utilitix:tiny_coal":33,"minecraft:wooden_pickaxe":1,"minecraft:iron_helmet":1,"minecraft:iron_sword":2,"minecraft:bucket":1,"minecraft:stone_axe":2,"quark:blossom_boat":2,"minecraft:air":743,"biomesoplenty:fir_planks":12,"minecraft:iron_chestplate":1,"minecraft:diamond_pickaxe":1,"minecraft:shield":2,"minecraft:stick":58,"minecraft:iron_ingot":123,"minecraft:iron_pickaxe":5,"minecraft:gold_ingot":21,"minecraft:iron_leggings":1,"minecraft:white_bed":2,"minecraft:torch":169},"minecraft:dropped":{"thermal:onion_seeds":1,"occultism:datura_seeds":1,"minecraft:wheat_seeds":1,"mekanismtools:osmium_boots":1,"ars_elemental:yellow_archwood_sapling":2,"sushigocrafting:wasabi_seeds":3,"minecraft:crafting_table":2,"quark:blossom_planks":7,"minecraft:cobblestone":135,"delightful:green_tea_leaf":1,"quark:limestone":2,"mekanismtools:osmium_helmet":1,"minecraft:coal":60,"minecraft:stick":6,"biomesoplenty:violet":4,"gtceu:rubber_planks":1,"minecraft:dirt":7,"minecraft:torch":96,"forbidden_arcanus:spawner_scrap":5,"tombstone:grave_dust":6,"gtceu:rubber_sapling":6,"alltheores:raw_aluminum":1,"sushigocrafting:soy_seeds":1,"railcraft:sulfur_dust":2,"twigs:twig":1,"botania:magenta_mushroom":2,"minecraft:redstone":6,"ars_elemental:flashpine_pod":8,"minecraft:sweet_berries":24,"minecraft:cobbled_deepslate":1,"ars_nouveau:archwood_planks":2,"minecraft:obsidian":1,"minecraft:raw_iron":1,"minecraft:rotten_flesh":5,"quark:shale":19,"minecraft:white_bed":3,"patchouli:guide_book":1,"botania:black_mushroom":1,"mekanismtools:osmium_chestplate":1,"ars_nouveau:sourceberry_bush":13,"minecraft:shield":1,"minecraft:iron_chestplate":1,"mysticalagriculture:inferium_essence":10,"apotheosis:gem":3,"minecraft:spider_eye":7,"minecraft:arrow":3,"minecraft:wooden_pickaxe":1,"immersiveengineering:seed":1},"minecraft:killed":{"minecraft:spider":14,"quark:toretoise":2,"minecraft:horse":5,"minecraft:skeleton":7,"naturalist:cardinal":1,"artifacts:mimic":1,"minecraft:zombie_villager":1,"minecraft:sheep":3,"minecraft:zombie":17},"minecraft:broken":{"minecraft:stone_pickaxe":1,"minecraft:shield":1,"minecraft:stone_axe":2,"minecraft:iron_pickaxe":2},"minecraft:custom":{"lootr:looted_stat":11,"minecraft:mob_kills":60,"minecraft:interact_with_crafting_table":39,"minecraft:damage_dealt_resisted":0,"minecraft:leave_game":1,"minecraft:time_since_death":145215,"minecraft:climb_one_cm":6208,"minecraft:damage_resisted":0,"minecraft:sprint_one_cm":244226,"minecraft:walk_one_cm":188581,"minecraft:damage_blocked_by_shield":3660,"minecraft:drop":82,"minecraft:talked_to_villager":1,"minecraft:play_time":148708,"minecraft:deaths":1,"minecraft:sneak_time":29982,"minecraft:walk_under_water_one_cm":326,"minecraft:jump":2431,"minecraft:interact_with_blast_furnace":3,"minecraft:walk_on_water_one_cm":6317,"minecraft:total_world_time":148708,"minecraft:interact_with_furnace":44,"minecraft:sleep_in_bed":4,"minecraft:time_since_rest":2895,"minecraft:damage_taken":1925,"minecraft:damage_absorbed":720,"minecraft:damage_dealt":10631,"minecraft:swim_one_cm":846,"minecraft:fly_one_cm":413682,"minecraft:open_chest":35,"minecraft:crouch_one_cm":100339,"tombstone:undead_killed":25,"minecraft:fall_one_cm":61960},"minecraft:used":{"deepresonance:resonating_crystal_natural":1,"quark:shale":9,"minecraft:shield":59,"minecraft:iron_sword":143,"minecraft:rotten_flesh":14,"minecraft:torch":373,"minecraft:dirt":2,"minecraft:tuff":1,"minecraft:obsidian":8,"quark:limestone":1,"minecraft:iron_axe":1,"create_new_age:magnetite_block":1,"minecraft:iron_helmet":1,"minecraft:sweet_berries":21,"minecraft:furnace":12,"ars_nouveau:sourceberry_bush":43,"minecraft:cooked_beef":8,"minecraft:cobbled_deepslate":6,"minecraft:cooked_mutton":1,"minecraft:water_bucket":12,"minecraft:stone_pickaxe":131,"ars_nouveau:mendosteen_pod":16,"minecraft:wooden_pickaxe":10,"minecraft:crafting_table":15,"ars_nouveau:archwood_planks":5,"minecraft:white_bed":4,"quark:blossom_boat":1,"minecraft:diamond_pickaxe":8,"ars_elemental:flashpine_pod":1,"minecraft:iron_pickaxe":530,"minecraft:stone_axe":276,"minecraft:cobblestone":74,"minecraft:bucket":13,"biomesoplenty:fir_log":2},"minecraft:mined":{"botania:magenta_mushroom":2,"minecraft:tuff":1,"minecraft:white_bed":3,"quark:shale":28,"minecraft:deepslate_diamond_ore":3,"minecraft:obsidian":8,"botania:black_mushroom":1,"minecraft:grass_block":5,"railcraft:sulfur_ore":1,"create:ochrum":1,"ars_nouveau:sourceberry_bush":24,"quark:jasper":3,"minecraft:spawner":2,"minecraft:redstone_ore":5,"minecraft:furnace":10,"minecraft:iron_ore":142,"deepresonance:resonating_crystal_natural":1,"biomesoplenty:violet":4,"gtceu:rubber_log":6,"minecraft:deepslate_lapis_ore":4,"croptopia:peach_crop":3,"minecraft:sculk_shrieker":1,"minecraft:vine":3,"biomesoplenty:high_grass":1,"minecraft:deepslate_iron_ore":20,"quark:limestone":2,"alltheores:aluminum_ore":1,"minecraft:stone":162,"minecraft:deepslate_redstone_ore":18,"ars_nouveau:green_archwood_log":52,"create_new_age:magnetite_block":1,"minecraft:crafting_table":7,"minecraft:torch":2,"quark:blossom_log":34,"biomesoplenty:high_grass_plant":1,"minecraft:tall_grass":4,"minecraft:cobblestone":13,"minecraft:lapis_ore":5,"theurgy:sal_ammoniac_ore":8,"minecraft:deepslate_gold_ore":13,"gtceu:red_granite":39,"ars_elemental:yellow_archwood_log":64,"minecraft:wall_torch":2,"supplementaries:urn":15,"ars_nouveau:archwood_planks":2,"minecraft:sweet_berry_bush":7,"biomesoplenty:fir_log":138,"minecraft:grass":47,"minecraft:coal_ore":171,"minecraft:dirt":6,"minecraft:cobweb":4,"twigs:rhyolite":2,"minecraft:deepslate":10,"minecraft:fern":3},"minecraft:killed_by":{"minecraft:spider":1}},"DataVersion":3465}