{"stats":{"minecraft:picked_up":{"minecraft:crafting_table":2,"minecraft:stone_brick_wall":1,"minecraft:stone_brick_stairs":5,"minecraft:oak_log":2,"tombstone:grave_key":1,"minecraft:cobblestone_wall":7,"silentgear:sinew":1,"minecraft:dirt":3,"minecraft:item_frame":2,"minecraft:iron_shovel":1,"minecraft:bone":1,"mysticalagriculture:inferium_essence":1,"delightful:acorn":1,"minecraft:beef":3,"minecraft:spruce_slab":4,"delightful:green_tea_leaf":3,"minecraft:book":3,"minecraft:stick":3,"apotheosis:gem":4,"railcraft:sulfur_dust":11,"minecraft:torch":2,"potionsmaster:bezoar":2,"quark:blossom_log":46,"minecraft:white_candle":2,"minecraft:purple_candle":1,"minecraft:rotten_flesh":1,"minecraft:coal":27,"minecraft:mutton":5,"minecraft:white_wool":3,"minecraft:cobblestone":62},"minecraft:crafted":{"minecraft:oak_planks":2,"quark:blossom_planks":12,"minecraft:crafting_table":1,"minecraft:wooden_pickaxe":1,"minecraft:stone_axe":1,"minecraft:air":8,"minecraft:stick":4,"minecraft:stone_pickaxe":1,"minecraft:stone_sword":1},"minecraft:dropped":{"tombstone:grave_key":2,"minecraft:stone_brick_wall":1,"minecraft:stone_brick_stairs":5},"minecraft:killed":{"minecraft:creeper":1,"minecraft:sheep":3,"minecraft:skeleton":1,"minecraft:zombie":1,"minecraft:cow":1},"minecraft:broken":{"minecraft:wooden_pickaxe":1},"minecraft:custom":{"lootr:looted_stat":1,"minecraft:mob_kills":7,"minecraft:interact_with_crafting_table":7,"minecraft:damage_dealt_resisted":0,"minecraft:leave_game":3,"minecraft:time_since_death":32482,"minecraft:time_since_rest":30083,"minecraft:sprint_one_cm":61511,"minecraft:damage_taken":906,"minecraft:walk_one_cm":75991,"minecraft:drop":4,"minecraft:damage_dealt":959,"minecraft:fly_one_cm":75866,"minecraft:crouch_one_cm":1278,"minecraft:play_time":45210,"tombstone:undead_killed":2,"minecraft:deaths":1,"minecraft:sneak_time":466,"minecraft:jump":431,"minecraft:total_world_time":45210,"minecraft:fall_one_cm":14869},"minecraft:used":{"minecraft:stone_sword":22,"minecraft:stone_pickaxe":1,"minecraft:wooden_pickaxe":59,"minecraft:torch":3,"minecraft:crafting_table":1,"minecraft:stone_axe":2,"minecraft:cobblestone":2,"silentgear:paxel":33,"minecraft:cooked_beef":4},"minecraft:mined":{"minecraft:purple_candle":1,"minecraft:crafting_table":1,"minecraft:torch":1,"biomesoplenty:bush":1,"caupona:wolfberry_log":1,"minecraft:grass_block":2,"railcraft:sulfur_ore":3,"quark:blossom_log":46,"minecraft:white_candle":1,"minecraft:wall_torch":1,"minecraft:grass":2,"minecraft:bookshelf":1,"minecraft:oak_log":2,"minecraft:coal_ore":27,"minecraft:dirt":1,"minecraft:stone":62,"minecraft:stone_bricks":1,"minecraft:oak_leaves":4},"minecraft:killed_by":{"minecraft:skeleton":1}},"DataVersion":3465}